date,actual,mean,naive,seasonal_naive_daily,seasonal_naive_weekly,drift,sarimax,feature_model,foundation_model
2016-05-13 19:00:00,208.33333333333334,97.46163394267658,348.3333333333333,123.33333333333333,126.66666666666667,348.432667343944,203.86151818940644,206.18614,123.33333333333333
2016-05-13 20:00:00,120.0,97.46163394267658,348.3333333333333,100.0,116.66666666666667,348.53200135455467,179.7918709874736,189.31645,100.0
2016-05-13 21:00:00,63.333333333333336,97.46163394267658,348.3333333333333,71.66666666666667,71.66666666666667,348.63133536516534,127.71859121034667,143.96814,71.66666666666667
2016-05-13 22:00:00,55.0,97.46163394267658,348.3333333333333,60.0,53.333333333333336,348.730669375776,100.8135858683046,75.28912,60.0
2016-05-13 23:00:00,61.666666666666664,97.46163394267658,348.3333333333333,56.666666666666664,58.333333333333336,348.8300033863867,85.10399528258151,64.65825,56.666666666666664
2016-05-14 00:00:00,58.333333333333336,97.46163394267658,348.3333333333333,55.0,51.666666666666664,348.92933739699737,74.55477547061075,65.526566,55.0
2016-05-14 01:00:00,63.333333333333336,97.46163394267658,348.3333333333333,53.333333333333336,56.666666666666664,349.02867140760804,68.33504204420188,64.03458,53.333333333333336
2016-05-14 02:00:00,60.0,97.46163394267658,348.3333333333333,58.333333333333336,53.333333333333336,349.1280054182187,63.60325694137411,60.5013,58.333333333333336
2016-05-14 03:00:00,60.0,97.46163394267658,348.3333333333333,58.333333333333336,55.0,349.2273394288294,60.54820095861021,63.294437,58.333333333333336
2016-05-14 04:00:00,60.0,97.46163394267658,348.3333333333333,50.0,55.0,349.32667343944007,60.52094953722978,67.90565,50.0
2016-05-14 05:00:00,56.666666666666664,97.46163394267658,348.3333333333333,58.333333333333336,51.666666666666664,349.4260074500508,68.54123934514242,67.886696,58.333333333333336
2016-05-14 06:00:00,63.333333333333336,97.46163394267658,348.3333333333333,146.66666666666666,53.333333333333336,349.5253414606615,79.29770245299541,92.74731,146.66666666666666
2016-05-14 07:00:00,113.33333333333333,97.46163394267658,348.3333333333333,176.66666666666666,148.33333333333334,349.62467547127216,106.21076180475949,119.90168,176.66666666666666
2016-05-14 08:00:00,133.33333333333334,97.46163394267658,348.3333333333333,338.3333333333333,121.66666666666667,349.72400948188283,124.50841402646745,156.51773,338.3333333333333
2016-05-14 09:00:00,118.33333333333333,97.46163394267658,348.3333333333333,93.33333333333333,153.33333333333334,349.8233434924935,108.48338596187241,138.368,93.33333333333333
2016-05-14 10:00:00,158.33333333333334,97.46163394267658,348.3333333333333,73.33333333333333,178.33333333333334,349.9226775031042,115.60693164138692,157.85797,73.33333333333333
2016-05-14 11:00:00,96.66666666666667,97.46163394267658,348.3333333333333,355.0,161.66666666666666,350.02201151371486,126.05776297954571,165.28452,355.0
2016-05-14 12:00:00,116.66666666666667,97.46163394267658,348.3333333333333,301.6666666666667,86.66666666666667,350.12134552432553,120.48093586199636,132.014,301.6666666666667
2016-05-14 13:00:00,113.33333333333333,97.46163394267658,348.3333333333333,268.3333333333333,75.0,350.2206795349362,114.89590323554633,136.47285,268.3333333333333
2016-05-14 14:00:00,106.66666666666667,97.46163394267658,348.3333333333333,318.3333333333333,88.33333333333333,350.3200135455469,111.18436330207929,121.995926,318.3333333333333
2016-05-14 15:00:00,130.0,97.46163394267658,348.3333333333333,201.66666666666666,103.33333333333333,350.41934755615756,103.96456678104518,125.08972,201.66666666666666
2016-05-14 16:00:00,111.66666666666667,97.46163394267658,348.3333333333333,351.6666666666667,91.66666666666667,350.51868156676824,137.00705379744872,161.74312,351.6666666666667
2016-05-14 17:00:00,241.66666666666666,97.46163394267658,348.3333333333333,231.66666666666666,83.33333333333333,350.6180155773789,188.98964779108485,192.83282,231.66666666666666
2016-05-14 18:00:00,166.66666666666666,97.46163394267658,348.3333333333333,348.3333333333333,285.0,350.7173495879896,188.3421371452366,232.0359,348.3333333333333
2016-05-14 19:00:00,90.0,97.46163394267658,348.3333333333333,123.33333333333333,120.0,350.81668359860026,132.08820396175713,148.19391,123.33333333333333
2016-05-14 20:00:00,86.66666666666667,97.46163394267658,348.3333333333333,100.0,86.66666666666667,350.91601760921094,115.58911933981389,111.77566,100.0
2016-05-14 21:00:00,75.0,97.46163394267658,348.3333333333333,71.66666666666667,56.666666666666664,351.0153516198216,80.73156191075675,69.757256,71.66666666666667
2016-05-14 22:00:00,61.666666666666664,97.46163394267658,348.3333333333333,60.0,58.333333333333336,351.1146856304323,65.75852802995871,71.210815,60.0
2016-05-14 23:00:00,48.333333333333336,97.46163394267658,348.3333333333333,56.666666666666664,56.666666666666664,351.21401964104297,57.0924173758542,62.33057,56.666666666666664
2016-05-15 00:00:00,53.333333333333336,97.46163394267658,348.3333333333333,55.0,58.333333333333336,351.31335365165364,53.931026946265405,60.25674,55.0
2016-05-15 01:00:00,55.0,97.46163394267658,348.3333333333333,53.333333333333336,51.666666666666664,351.4126876622643,53.78825872974063,58.95616,53.333333333333336
2016-05-15 02:00:00,51.666666666666664,97.46163394267658,348.3333333333333,58.333333333333336,55.0,351.51202167287505,52.937455491346356,57.69074,58.333333333333336
2016-05-15 03:00:00,40.0,97.46163394267658,348.3333333333333,58.333333333333336,56.666666666666664,351.6113556834857,51.91826200679316,59.669098,58.333333333333336
2016-05-15 04:00:00,51.666666666666664,97.46163394267658,348.3333333333333,50.0,50.0,351.7106896940964,52.62786035075159,61.316277,50.0
2016-05-15 05:00:00,56.666666666666664,97.46163394267658,348.3333333333333,58.333333333333336,56.666666666666664,351.8100237047071,62.50556374637746,64.44143,58.333333333333336
2016-05-15 06:00:00,51.666666666666664,97.46163394267658,348.3333333333333,146.66666666666666,50.0,351.90935771531775,72.21039980425041,69.81198,146.66666666666666
2016-05-15 07:00:00,93.33333333333333,97.46163394267658,348.3333333333333,176.66666666666666,60.0,352.00869172592843,100.25104136055778,74.16153,176.66666666666666
2016-05-15 08:00:00,118.33333333333333,97.46163394267658,348.3333333333333,338.3333333333333,183.33333333333334,352.1080257365391,117.90110247808336,138.26828,338.3333333333333
2016-05-15 09:00:00,101.66666666666667,97.46163394267658,348.3333333333333,93.33333333333333,143.33333333333334,352.2073597471498,108.90446816708781,170.45451,93.33333333333333
2016-05-15 10:00:00,108.33333333333333,97.46163394267658,348.3333333333333,73.33333333333333,135.0,352.30669375776046,116.7473509055043,156.08751,73.33333333333333
2016-05-15 11:00:00,105.0,97.46163394267658,348.3333333333333,355.0,50.0,352.40602776837113,121.86503771319877,118.249084,355.0
2016-05-15 12:00:00,96.66666666666667,97.46163394267658,348.3333333333333,301.6666666666667,56.666666666666664,352.5053617789818,115.74514598194646,101.98868,301.6666666666667
2016-05-15 13:00:00,136.66666666666666,97.46163394267658,348.3333333333333,268.3333333333333,56.666666666666664,352.6046957895925,109.45280181243581,103.22024,268.3333333333333
2016-05-15 14:00:00,88.33333333333333,97.46163394267658,348.3333333333333,318.3333333333333,56.666666666666664,352.70402980020316,104.44439980797013,123.24442,318.3333333333333
2016-05-15 15:00:00,93.33333333333333,97.46163394267658,348.3333333333333,201.66666666666666,50.0,352.80336381081383,97.98695940018412,118.065796,201.66666666666666
2016-05-15 16:00:00,143.33333333333334,97.46163394267658,348.3333333333333,351.6666666666667,55.0,352.9026978214245,126.54563231584775,170.89868,351.6666666666667
2016-05-15 17:00:00,236.66666666666666,97.46163394267658,348.3333333333333,231.66666666666666,56.666666666666664,353.0020318320352,183.52725769486477,223.93263,231.66666666666666
2016-05-15 18:00:00,98.33333333333333,97.46163394267658,348.3333333333333,348.3333333333333,50.0,353.10136584264586,183.70465013094682,275.0479,348.3333333333333
2016-05-15 19:00:00,96.66666666666667,97.46163394267658,348.3333333333333,123.33333333333333,60.0,353.20069985325654,132.48658818745992,154.7227,123.33333333333333
2016-05-15 20:00:00,246.66666666666666,97.46163394267658,348.3333333333333,100.0,78.33333333333333,353.3000338638672,117.19695618556439,105.872734,100.0
2016-05-15 21:00:00,203.33333333333334,97.46163394267658,348.3333333333333,71.66666666666667,63.333333333333336,353.3993678744779,79.13042399872839,113.97116,71.66666666666667
2016-05-15 22:00:00,86.66666666666667,97.46163394267658,348.3333333333333,60.0,58.333333333333336,353.49870188508856,62.009266590652516,97.3125,60.0
2016-05-15 23:00:00,83.33333333333333,97.46163394267658,348.3333333333333,56.666666666666664,53.333333333333336,353.5980358956993,54.749949875058036,74.1648,56.666666666666664
2016-05-16 00:00:00,61.666666666666664,97.46163394267658,348.3333333333333,55.0,55.0,353.69736990631,52.74910972727237,73.99469,55.0
2016-05-16 01:00:00,53.333333333333336,97.46163394267658,348.3333333333333,53.333333333333336,58.333333333333336,353.79670391692065,52.47089036795121,58.3338,53.333333333333336
2016-05-16 02:00:00,56.666666666666664,97.46163394267658,348.3333333333333,58.333333333333336,55.0,353.8960379275313,51.72234112627656,56.205223,58.333333333333336
2016-05-16 03:00:00,53.333333333333336,97.46163394267658,348.3333333333333,58.333333333333336,53.333333333333336,353.995371938142,51.13972543153872,53.81159,58.333333333333336
2016-05-16 04:00:00,55.0,97.46163394267658,348.3333333333333,50.0,56.666666666666664,354.0947059487527,51.584565259631106,53.695587,50.0
2016-05-16 05:00:00,51.666666666666664,97.46163394267658,348.3333333333333,58.333333333333336,65.0,354.19403995936335,60.03120475073153,61.88345,58.333333333333336
2016-05-16 06:00:00,53.333333333333336,97.46163394267658,348.3333333333333,146.66666666666666,55.0,354.293373969974,69.44155095097027,54.77212,146.66666666666666
2016-05-16 07:00:00,61.666666666666664,97.46163394267658,348.3333333333333,176.66666666666666,56.666666666666664,354.3927079805847,98.61089469199202,72.68776,176.66666666666666
2016-05-16 08:00:00,88.33333333333333,97.46163394267658,348.3333333333333,338.3333333333333,61.666666666666664,354.4920419911954,116.42668485765728,93.10292,338.3333333333333
2016-05-16 09:00:00,70.0,97.46163394267658,348.3333333333333,93.33333333333333,66.66666666666667,354.59137600180605,107.62576980188483,120.94312,93.33333333333333
2016-05-16 10:00:00,148.33333333333334,97.46163394267658,348.3333333333333,73.33333333333333,55.0,354.69071001241673,116.11592034005828,118.58374,73.33333333333333
2016-05-16 11:00:00,103.33333333333333,97.46163394267658,348.3333333333333,355.0,61.666666666666664,354.7900440230274,121.06656784302466,147.26994,355.0
2016-05-16 12:00:00,206.66666666666666,97.46163394267658,348.3333333333333,301.6666666666667,135.0,354.8893780336381,114.38291051560483,187.00462,301.6666666666667
2016-05-16 13:00:00,266.6666666666667,97.46163394267658,348.3333333333333,268.3333333333333,173.33333333333334,354.98871204424876,108.58958314985587,126.700294,268.3333333333333
2016-05-16 14:00:00,88.33333333333333,97.46163394267658,348.3333333333333,318.3333333333333,88.33333333333333,355.08804605485943,104.62334106079439,173.53632,318.3333333333333
2016-05-16 15:00:00,111.66666666666667,97.46163394267658,348.3333333333333,201.66666666666666,70.0,355.1873800654701,99.37591012631651,136.12907,201.66666666666666
2016-05-16 16:00:00,88.33333333333333,97.46163394267658,348.3333333333333,351.6666666666667,78.33333333333333,355.2867140760808,126.94403531776733,155.64268,351.6666666666667
2016-05-16 17:00:00,243.33333333333334,97.46163394267658,348.3333333333333,231.66666666666666,268.3333333333333,355.38604808669146,178.84202303705695,127.579544,231.66666666666666
2016-05-16 18:00:00,155.0,97.46163394267658,348.3333333333333,348.3333333333333,120.0,355.48538209730214,173.74482089994842,170.34537,348.3333333333333
2016-05-16 19:00:00,115.0,97.46163394267658,348.3333333333333,123.33333333333333,110.0,355.5847161079128,120.71214549134005,120.08676,123.33333333333333
2016-05-16 20:00:00,96.66666666666667,97.46163394267658,348.3333333333333,100.0,95.0,355.6840501185235,108.18783757347931,139.62979,100.0
2016-05-16 21:00:00,68.33333333333333,97.46163394267658,348.3333333333333,71.66666666666667,71.66666666666667,355.7833841291342,76.0508633931237,97.94401,71.66666666666667
2016-05-16 22:00:00,46.666666666666664,97.46163394267658,348.3333333333333,60.0,71.66666666666667,355.8827181397449,61.92304327722654,73.34109,60.0
2016-05-16 23:00:00,60.0,97.46163394267658,348.3333333333333,56.666666666666664,60.0,355.98205215035557,56.617781615908584,68.53755,56.666666666666664
2016-05-17 00:00:00,50.0,97.46163394267658,348.3333333333333,55.0,51.666666666666664,356.08138616096625,54.90856518373525,59.002266,55.0
2016-05-17 01:00:00,55.0,97.46163394267658,348.3333333333333,53.333333333333336,55.0,356.1807201715769,54.638687043644836,55.26696,53.333333333333336
2016-05-17 02:00:00,51.666666666666664,97.46163394267658,348.3333333333333,58.333333333333336,56.666666666666664,356.2800541821876,54.08452118281588,52.240246,58.333333333333336
2016-05-17 03:00:00,53.333333333333336,97.46163394267658,348.3333333333333,58.333333333333336,56.666666666666664,356.3793881927983,54.00931896986337,51.80889,58.333333333333336
2016-05-17 04:00:00,53.333333333333336,97.46163394267658,348.3333333333333,50.0,50.0,356.47872220340895,54.0879501881566,49.619644,50.0
2016-05-17 05:00:00,58.333333333333336,97.46163394267658,348.3333333333333,58.333333333333336,71.66666666666667,356.5780562140196,62.749697865104096,53.70703,58.333333333333336
2016-05-17 06:00:00,56.666666666666664,97.46163394267658,348.3333333333333,146.66666666666666,63.333333333333336,356.6773902246303,73.24144284056507,62.965015,146.66666666666666
2016-05-17 07:00:00,65.0,97.46163394267658,348.3333333333333,176.66666666666666,60.0,356.776724235241,102.29606643497382,73.21802,176.66666666666666
2016-05-17 08:00:00,56.666666666666664,97.46163394267658,348.3333333333333,338.3333333333333,56.666666666666664,356.87605824585165,119.06873960788566,93.93718,338.3333333333333
2016-05-17 09:00:00,51.666666666666664,97.46163394267658,348.3333333333333,93.33333333333333,55.0,356.9753922564623,109.92865026985739,77.53612,93.33333333333333
2016-05-17 10:00:00,53.333333333333336,97.46163394267658,348.3333333333333,73.33333333333333,53.333333333333336,357.074726267073,119.03608429733698,72.2752,73.33333333333333
2016-05-17 11:00:00,51.666666666666664,97.46163394267658,348.3333333333333,355.0,56.666666666666664,357.1740602776837,124.95383854191039,76.12689,355.0
2016-05-17 12:00:00,53.333333333333336,97.46163394267658,348.3333333333333,301.6666666666667,58.333333333333336,357.27339428829436,117.10047852052972,84.470085,301.6666666666667
2016-05-17 13:00:00,41.666666666666664,97.46163394267658,348.3333333333333,268.3333333333333,53.333333333333336,357.37272829890503,111.6533101161305,92.84306,268.3333333333333
2016-05-17 14:00:00,53.333333333333336,97.46163394267658,348.3333333333333,318.3333333333333,53.333333333333336,357.4720623095157,111.40935464004076,62.45421,318.3333333333333
2016-05-17 15:00:00,51.666666666666664,97.46163394267658,348.3333333333333,201.66666666666666,56.666666666666664,357.5713963201264,107.82461530888637,62.303505,201.66666666666666
2016-05-17 16:00:00,66.66666666666667,97.46163394267658,348.3333333333333,351.6666666666667,63.333333333333336,357.67073033073706,137.2980795465876,71.2543,351.6666666666667
2016-05-17 17:00:00,153.33333333333334,97.46163394267658,348.3333333333333,231.66666666666666,126.66666666666667,357.77006434134773,192.67151512347533,148.1562,231.66666666666666
2016-05-17 18:00:00,100.0,97.46163394267658,348.3333333333333,348.3333333333333,101.66666666666667,357.86939835195847,187.72606013981186,178.7398,348.3333333333333
2016-05-17 19:00:00,123.33333333333333,97.46163394267658,348.3333333333333,123.33333333333333,105.0,357.96873236256914,133.44323809500497,149.58545,123.33333333333333
2016-05-17 20:00:00,118.33333333333333,97.46163394267658,348.3333333333333,100.0,95.0,358.0680663731798,117.8169864739195,92.79863,100.0
2016-05-17 21:00:00,65.0,97.46163394267658,348.3333333333333,71.66666666666667,68.33333333333333,358.1674003837905,82.15139474171832,85.64072,71.66666666666667
2016-05-17 22:00:00,46.666666666666664,97.46163394267658,348.3333333333333,60.0,58.333333333333336,358.26673439440117,66.78071123869574,63.44672,60.0
2016-05-17 23:00:00,55.0,97.46163394267658,348.3333333333333,56.666666666666664,56.666666666666664,358.36606840501184,58.55449283859923,59.73565,56.666666666666664
2016-05-18 00:00:00,51.666666666666664,97.46163394267658,348.3333333333333,55.0,51.666666666666664,358.4654024156225,56.068097923890065,59.420174,55.0
2016-05-18 01:00:00,53.333333333333336,97.46163394267658,348.3333333333333,53.333333333333336,56.666666666666664,358.5647364262332,55.95814945664705,59.649345,53.333333333333336
2016-05-18 02:00:00,55.0,97.46163394267658,348.3333333333333,58.333333333333336,56.666666666666664,358.6640704368439,55.17127093057556,56.21135,58.333333333333336
2016-05-18 03:00:00,51.666666666666664,97.46163394267658,348.3333333333333,58.333333333333336,53.333333333333336,358.76340444745455,53.83139682154531,59.586,58.333333333333336
2016-05-18 04:00:00,51.666666666666664,97.46163394267658,348.3333333333333,50.0,51.666666666666664,358.8627384580652,54.68440665626149,53.29141,50.0
2016-05-18 05:00:00,65.0,97.46163394267658,348.3333333333333,58.333333333333336,68.33333333333333,358.9620724686759,63.55921631134012,62.977303,58.333333333333336
2016-05-18 06:00:00,70.0,97.46163394267658,348.3333333333333,146.66666666666666,110.0,359.0614064792866,73.25377635531173,63.41539,146.66666666666666
2016-05-18 07:00:00,53.333333333333336,97.46163394267658,348.3333333333333,176.66666666666666,76.66666666666667,359.16074048989725,102.34868479821196,94.94659,176.66666666666666
2016-05-18 08:00:00,61.666666666666664,97.46163394267658,348.3333333333333,338.3333333333333,161.66666666666666,359.2600745005079,120.51688412686545,69.510155,338.3333333333333
2016-05-18 09:00:00,65.0,97.46163394267658,348.3333333333333,93.33333333333333,65.0,359.3594085111186,111.61488417513182,78.08864,93.33333333333333
2016-05-18 10:00:00,58.333333333333336,97.46163394267658,348.3333333333333,73.33333333333333,63.333333333333336,359.4587425217293,120.20979423456106,72.19493,73.33333333333333
2016-05-18 11:00:00,70.0,97.46163394267658,348.3333333333333,355.0,55.0,359.55807653233995,127.18146069718743,63.80444,355.0
2016-05-18 12:00:00,56.666666666666664,97.46163394267658,348.3333333333333,301.6666666666667,56.666666666666664,359.65741054295063,120.28321443213714,87.99208,301.6666666666667
2016-05-18 13:00:00,86.66666666666667,97.46163394267658,348.3333333333333,268.3333333333333,73.33333333333333,359.7567445535613,114.4467278860188,54.007957,268.3333333333333
2016-05-18 14:00:00,81.66666666666667,97.46163394267658,348.3333333333333,318.3333333333333,80.0,359.856078564172,113.03191156471185,81.480446,318.3333333333333
2016-05-18 15:00:00,83.33333333333333,97.46163394267658,348.3333333333333,201.66666666666666,76.66666666666667,359.9554125747827,106.38438303733808,83.71673,201.66666666666666
2016-05-18 16:00:00,105.0,97.46163394267658,348.3333333333333,351.6666666666667,75.0,360.0547465853934,134.02787110594562,101.35666,351.6666666666667
2016-05-18 17:00:00,118.33333333333333,97.46163394267658,348.3333333333333,231.66666666666666,91.66666666666667,360.15408059600406,191.71338748907039,163.0614,231.66666666666666
2016-05-18 18:00:00,178.33333333333334,97.46163394267658,348.3333333333333,348.3333333333333,101.66666666666667,360.25341460661474,189.2418089961697,164.10622,348.3333333333333
2016-05-18 19:00:00,143.33333333333334,97.46163394267658,348.3333333333333,123.33333333333333,95.0,360.3527486172254,135.28170337378424,148.42471,123.33333333333333
2016-05-18 20:00:00,223.33333333333334,97.46163394267658,348.3333333333333,100.0,85.0,360.4520826278361,119.34472572385117,116.049065,100.0
2016-05-18 21:00:00,81.66666666666667,97.46163394267658,348.3333333333333,71.66666666666667,61.666666666666664,360.55141663844677,82.38251205238463,86.99065,71.66666666666667
2016-05-18 22:00:00,51.666666666666664,97.46163394267658,348.3333333333333,60.0,55.0,360.65075064905744,64.91400409969651,75.69009,60.0
2016-05-18 23:00:00,56.666666666666664,97.46163394267658,348.3333333333333,56.666666666666664,56.666666666666664,360.7500846596681,57.39202428767449,58.93104,56.666666666666664
2016-05-19 00:00:00,51.666666666666664,97.46163394267658,348.3333333333333,55.0,56.666666666666664,360.8494186702788,55.72850870738827,53.73853,55.0
2016-05-19 01:00:00,51.666666666666664,97.46163394267658,348.3333333333333,53.333333333333336,56.666666666666664,360.94875268088947,55.177637951544384,54.88668,53.333333333333336
2016-05-19 02:00:00,50.0,97.46163394267658,348.3333333333333,58.333333333333336,56.666666666666664,361.04808669150015,53.47913234503946,54.96764,58.333333333333336
2016-05-19 03:00:00,51.666666666666664,97.46163394267658,348.3333333333333,58.333333333333336,50.0,361.1474207021108,52.77024426571565,53.265137,58.333333333333336
2016-05-19 04:00:00,56.666666666666664,97.46163394267658,348.3333333333333,50.0,56.666666666666664,361.2467547127215,53.56165849451938,56.494953,50.0
2016-05-19 05:00:00,55.0,97.46163394267658,348.3333333333333,58.333333333333336,61.666666666666664,361.3460887233322,62.54612090752266,59.0833,58.333333333333336
2016-05-19 06:00:00,58.333333333333336,97.46163394267658,348.3333333333333,146.66666666666666,48.333333333333336,361.44542273394285,71.89141889596763,54.87948,146.66666666666666
2016-05-19 07:00:00,50.0,97.46163394267658,348.3333333333333,176.66666666666666,58.333333333333336,361.5447567445535,99.96158175273364,55.9076,176.66666666666666
2016-05-19 08:00:00,53.333333333333336,97.46163394267658,348.3333333333333,338.3333333333333,51.666666666666664,361.6440907551642,116.81201905251633,58.9586,338.3333333333333
2016-05-19 09:00:00,36.666666666666664,97.46163394267658,348.3333333333333,93.33333333333333,48.333333333333336,361.7434247657749,107.76228870235762,58.037502,93.33333333333333
2016-05-19 10:00:00,55.0,97.46163394267658,348.3333333333333,73.33333333333333,58.333333333333336,361.84275877638555,116.65140151492649,55.828934,73.33333333333333
2016-05-19 11:00:00,51.666666666666664,97.46163394267658,348.3333333333333,355.0,50.0,361.9420927869962,122.37403948948678,51.416782,355.0
2016-05-19 12:00:00,55.0,97.46163394267658,348.3333333333333,301.6666666666667,55.0,362.04142679760696,114.56898593393342,56.013977,301.6666666666667
2016-05-19 13:00:00,50.0,97.46163394267658,348.3333333333333,268.3333333333333,56.666666666666664,362.14076080821764,105.84751532933173,60.81251,268.3333333333333
2016-05-19 14:00:00,63.333333333333336,97.46163394267658,348.3333333333333,318.3333333333333,56.666666666666664,362.2400948188283,99.37497755161912,61.249317,318.3333333333333
2016-05-19 15:00:00,81.66666666666667,97.46163394267658,348.3333333333333,201.66666666666666,68.33333333333333,362.339428829439,96.02786859268762,93.929085,201.66666666666666
2016-05-19 16:00:00,90.0,97.46163394267658,348.3333333333333,351.6666666666667,118.33333333333333,362.43876284004966,127.38535913219765,101.07489,351.6666666666667
2016-05-19 17:00:00,208.33333333333334,97.46163394267658,348.3333333333333,231.66666666666666,208.33333333333334,362.53809685066034,179.52372731487324,128.02954,231.66666666666666
2016-05-19 18:00:00,120.0,97.46163394267658,348.3333333333333,348.3333333333333,105.0,362.637430861271,175.78037697440658,153.35321,348.3333333333333
2016-05-19 19:00:00,98.33333333333333,97.46163394267658,348.3333333333333,123.33333333333333,123.33333333333333,362.7367648718817,125.26018852887242,127.963135,123.33333333333333
2016-05-19 20:00:00,118.33333333333333,97.46163394267658,348.3333333333333,100.0,100.0,362.83609888249237,115.84475141594093,135.1454,100.0
2016-05-19 21:00:00,66.66666666666667,97.46163394267658,348.3333333333333,71.66666666666667,71.66666666666667,362.93543289310304,81.91737585359847,81.945526,71.66666666666667
2016-05-19 22:00:00,50.0,97.46163394267658,348.3333333333333,60.0,60.0,363.0347669037137,66.25449963946222,58.982967,60.0
2016-05-19 23:00:00,56.666666666666664,97.46163394267658,348.3333333333333,56.666666666666664,56.666666666666664,363.1341009143244,59.28759429799884,55.48633,56.666666666666664
2016-05-20 00:00:00,51.666666666666664,97.46163394267658,348.3333333333333,55.0,55.0,363.23343492493507,56.94617564820848,55.91755,55.0
2016-05-20 01:00:00,51.666666666666664,97.46163394267658,348.3333333333333,53.333333333333336,53.333333333333336,363.33276893554574,57.32397033233619,53.403973,53.333333333333336
2016-05-20 02:00:00,36.666666666666664,97.46163394267658,348.3333333333333,58.333333333333336,58.333333333333336,363.4321029461564,56.46735285365645,54.03276,58.333333333333336
2016-05-20 03:00:00,58.333333333333336,97.46163394267658,348.3333333333333,58.333333333333336,58.333333333333336,363.5314369567671,56.19762201424996,57.60259,58.333333333333336
2016-05-20 04:00:00,51.666666666666664,97.46163394267658,348.3333333333333,50.0,50.0,363.63077096737777,58.21107947150473,68.45012,50.0
2016-05-20 05:00:00,61.666666666666664,97.46163394267658,348.3333333333333,58.333333333333336,58.333333333333336,363.73010497798845,67.31961499484665,75.74582,58.333333333333336
2016-05-20 06:00:00,66.66666666666667,97.46163394267658,348.3333333333333,146.66666666666666,146.66666666666666,363.8294389885991,76.51639894711768,92.61195,146.66666666666666
2016-05-20 07:00:00,80.0,97.46163394267658,348.3333333333333,176.66666666666666,176.66666666666666,363.9287729992098,105.05721717439323,108.04231,176.66666666666666
2016-05-20 08:00:00,126.66666666666667,97.46163394267658,348.3333333333333,338.3333333333333,338.3333333333333,364.0281070098205,121.49366482696732,159.85532,338.3333333333333
2016-05-20 09:00:00,73.33333333333333,97.46163394267658,348.3333333333333,93.33333333333333,93.33333333333333,364.1274410204312,112.07732072167316,146.54094,93.33333333333333
2016-05-20 10:00:00,81.66666666666667,97.46163394267658,348.3333333333333,73.33333333333333,73.33333333333333,364.2267750310419,121.17412013290942,138.76012,73.33333333333333
2016-05-20 11:00:00,73.33333333333333,97.46163394267658,348.3333333333333,355.0,355.0,364.32610904165256,126.52682186122614,162.16205,355.0
2016-05-20 12:00:00,71.66666666666667,97.46163394267658,348.3333333333333,301.6666666666667,301.6666666666667,364.42544305226323,121.12380322657893,139.81265,301.6666666666667
2016-05-20 13:00:00,61.666666666666664,97.46163394267658,348.3333333333333,268.3333333333333,268.3333333333333,364.5247770628739,117.97487323038256,99.42174,268.3333333333333
2016-05-20 14:00:00,60.0,97.46163394267658,348.3333333333333,318.3333333333333,318.3333333333333,364.6241110734846,115.94961479399088,77.26867,318.3333333333333
2016-05-20 15:00:00,46.666666666666664,97.46163394267658,348.3333333333333,201.66666666666666,201.66666666666666,364.72344508409526,110.90190174659692,81.52705,201.66666666666666
2016-05-20 16:00:00,48.333333333333336,97.46163394267658,348.3333333333333,351.6666666666667,351.6666666666667,364.82277909470594,139.5178796490353,83.80292,351.6666666666667
2016-05-20 17:00:00,75.0,97.46163394267658,348.3333333333333,231.66666666666666,231.66666666666666,364.9221131053166,193.35669823228017,107.15483,231.66666666666666
2016-05-20 18:00:00,78.33333333333333,97.46163394267658,348.3333333333333,348.3333333333333,348.3333333333333,365.0214471159273,186.6508345530358,173.89851,348.3333333333333
2016-05-20 19:00:00,65.0,97.46163394267658,348.3333333333333,123.33333333333333,126.66666666666667,365.12078112653796,131.14418162756655,137.15695,123.33333333333333
2016-05-20 20:00:00,70.0,97.46163394267658,348.3333333333333,100.0,116.66666666666667,365.22011513714864,115.19666552846054,86.66087,100.0
2016-05-20 21:00:00,65.0,97.46163394267658,348.3333333333333,71.66666666666667,71.66666666666667,365.3194491477593,80.17127291463385,83.247536,71.66666666666667
2016-05-20 22:00:00,53.333333333333336,97.46163394267658,348.3333333333333,60.0,53.333333333333336,365.41878315837,65.32260975176449,66.41674,60.0
2016-05-20 23:00:00,45.0,97.46163394267658,348.3333333333333,56.666666666666664,58.333333333333336,365.51811716898067,58.74980563047856,63.6971,56.666666666666664
2016-05-21 00:00:00,48.333333333333336,97.46163394267658,348.3333333333333,55.0,51.666666666666664,365.61745117959134,57.8505691333453,58.850807,55.0
2016-05-21 01:00:00,51.666666666666664,97.46163394267658,348.3333333333333,53.333333333333336,56.666666666666664,365.716785190202,59.113168905863404,69.440926,53.333333333333336
2016-05-21 02:00:00,56.666666666666664,97.46163394267658,348.3333333333333,58.333333333333336,53.333333333333336,365.8161192008127,58.690008518655674,64.559135,58.333333333333336
2016-05-21 03:00:00,48.333333333333336,97.46163394267658,348.3333333333333,58.333333333333336,55.0,365.91545321142337,58.14477600092694,65.75644,58.333333333333336
2016-05-21 04:00:00,56.666666666666664,97.46163394267658,348.3333333333333,50.0,55.0,366.01478722203404,58.33557924701867,76.152885,50.0
2016-05-21 05:00:00,51.666666666666664,97.46163394267658,348.3333333333333,58.333333333333336,51.666666666666664,366.1141212326447,67.18683290424912,76.433136,58.333333333333336
2016-05-21 06:00:00,60.0,97.46163394267658,348.3333333333333,146.66666666666666,53.333333333333336,366.21345524325545,77.89997888662162,95.09119,146.66666666666666
2016-05-21 07:00:00,56.666666666666664,97.46163394267658,348.3333333333333,176.66666666666666,148.33333333333334,366.31278925386613,106.10011193425589,91.51069,176.66666666666666
2016-05-21 08:00:00,208.33333333333334,97.46163394267658,348.3333333333333,338.3333333333333,121.66666666666667,366.4121232644768,122.54505342149463,79.51498,338.3333333333333
2016-05-21 09:00:00,310.0,97.46163394267658,348.3333333333333,93.33333333333333,153.33333333333334,366.5114572750875,113.49789613205881,167.88654,93.33333333333333
2016-05-21 10:00:00,383.3333333333333,97.46163394267658,348.3333333333333,73.33333333333333,178.33333333333334,366.61079128569816,122.16896293358059,259.09518,73.33333333333333
2016-05-21 11:00:00,431.6666666666667,97.46163394267658,348.3333333333333,355.0,161.66666666666666,366.71012529630883,127.64815750668632,260.67087,355.0
2016-05-21 12:00:00,228.33333333333334,97.46163394267658,348.3333333333333,301.6666666666667,86.66666666666667,366.8094593069195,121.7177070520353,273.5994,301.6666666666667
2016-05-21 13:00:00,343.3333333333333,97.46163394267658,348.3333333333333,268.3333333333333,75.0,366.9087933175302,116.25237290969947,327.5771,268.3333333333333
2016-05-21 14:00:00,303.3333333333333,97.46163394267658,348.3333333333333,318.3333333333333,88.33333333333333,367.00812732814086,112.05107790793625,265.92575,318.3333333333333
2016-05-21 15:00:00,361.6666666666667,97.46163394267658,348.3333333333333,201.66666666666666,103.33333333333333,367.10746133875153,105.16500361925955,205.80482,201.66666666666666
2016-05-21 16:00:00,100.0,97.46163394267658,348.3333333333333,351.6666666666667,91.66666666666667,367.2067953493622,132.43992417499828,238.90508,351.6666666666667
2016-05-21 17:00:00,95.0,97.46163394267658,348.3333333333333,231.66666666666666,83.33333333333333,367.3061293599729,188.73831804532716,193.24576,231.66666666666666
2016-05-21 18:00:00,125.0,97.46163394267658,348.3333333333333,348.3333333333333,285.0,367.40546337058356,186.25179736225323,183.89337,348.3333333333333
2016-05-21 19:00:00,108.33333333333333,97.46163394267658,348.3333333333333,123.33333333333333,120.0,367.50479738119424,133.5961427562912,152.70186,123.33333333333333
2016-05-21 20:00:00,95.0,97.46163394267658,348.3333333333333,100.0,86.66666666666667,367.6041313918049,118.18711675119484,118.63573,100.0
2016-05-21 21:00:00,135.0,97.46163394267658,348.3333333333333,71.66666666666667,56.666666666666664,367.7034654024156,82.51414134837587,85.31205,71.66666666666667
2016-05-21 22:00:00,73.33333333333333,97.46163394267658,348.3333333333333,60.0,58.333333333333336,367.80279941302626,67.66845754119151,101.4581,60.0
2016-05-21 23:00:00,148.33333333333334,97.46163394267658,348.3333333333333,56.666666666666664,56.666666666666664,367.90213342363694,60.89983959506863,70.25392,56.666666666666664
2016-05-22 00:00:00,60.0,97.46163394267658,348.3333333333333,55.0,58.333333333333336,368.0014674342476,58.7246693402268,103.01134,55.0
2016-05-22 01:00:00,56.666666666666664,97.46163394267658,348.3333333333333,53.333333333333336,51.666666666666664,368.1008014448583,59.28679821605016,76.025734,53.333333333333336
2016-05-22 02:00:00,51.666666666666664,97.46163394267658,348.3333333333333,58.333333333333336,55.0,368.20013545546897,58.287162546276846,65.514496,58.333333333333336
2016-05-22 03:00:00,53.333333333333336,97.46163394267658,348.3333333333333,58.333333333333336,56.666666666666664,368.2994694660797,56.27484936100322,71.632866,58.333333333333336
2016-05-22 04:00:00,55.0,97.46163394267658,348.3333333333333,50.0,50.0,368.3988034766904,57.277091516148005,70.57554,50.0
2016-05-22 05:00:00,50.0,97.46163394267658,348.3333333333333,58.333333333333336,56.666666666666664,368.49813748730105,66.35656331518689,70.48931,58.333333333333336
2016-05-22 06:00:00,58.333333333333336,97.46163394267658,348.3333333333333,146.66666666666666,50.0,368.5974714979117,75.46348181946469,77.713394,146.66666666666666
2016-05-22 07:00:00,63.333333333333336,97.46163394267658,348.3333333333333,176.66666666666666,60.0,368.6968055085224,104.81416376649017,87.10017,176.66666666666666
2016-05-22 08:00:00,190.0,97.46163394267658,348.3333333333333,338.3333333333333,183.33333333333334,368.7961395191331,121.10552295375916,120.41935,338.3333333333333
2016-05-22 09:00:00,113.33333333333333,97.46163394267658,348.3333333333333,93.33333333333333,143.33333333333334,368.89547352974375,111.77729288434382,219.65839,93.33333333333333
2016-05-22 10:00:00,201.66666666666666,97.46163394267658,348.3333333333333,73.33333333333333,135.0,368.99480754035443,120.33246039043985,193.68471,73.33333333333333
2016-05-22 11:00:00,343.3333333333333,97.46163394267658,348.3333333333333,355.0,50.0,369.0941415509651,127.08602321949357,183.59186,355.0
2016-05-22 12:00:00,126.66666666666667,97.46163394267658,348.3333333333333,301.6666666666667,56.666666666666664,369.1934755615758,122.44693448830834,193.28741,301.6666666666667
2016-05-22 13:00:00,103.33333333333333,97.46163394267658,348.3333333333333,268.3333333333333,56.666666666666664,369.29280957218646,116.79393008835548,167.9919,268.3333333333333
2016-05-22 14:00:00,106.66666666666667,97.46163394267658,348.3333333333333,318.3333333333333,56.666666666666664,369.39214358279713,114.67210005232234,192.98334,318.3333333333333
2016-05-22 15:00:00,96.66666666666667,97.46163394267658,348.3333333333333,201.66666666666666,50.0,369.4914775934078,110.64829231890535,148.74185,201.66666666666666
2016-05-22 16:00:00,88.33333333333333,97.46163394267658,348.3333333333333,351.6666666666667,55.0,369.5908116040185,139.33250835333075,126.698006,351.6666666666667
2016-05-22 17:00:00,265.0,97.46163394267658,348.3333333333333,231.66666666666666,56.666666666666664,369.69014561462916,193.58823644854743,145.74138,231.66666666666666
2016-05-22 18:00:00,120.0,97.46163394267658,348.3333333333333,348.3333333333333,50.0,369.78947962523984,188.60212733358128,155.09564,348.3333333333333
2016-05-22 19:00:00,96.66666666666667,97.46163394267658,348.3333333333333,123.33333333333333,60.0,369.8888136358505,134.37393988976385,163.98466,123.33333333333333
2016-05-22 20:00:00,116.66666666666667,97.46163394267658,348.3333333333333,100.0,78.33333333333333,369.9881476464612,119.66811181734437,140.21324,100.0
2016-05-22 21:00:00,88.33333333333333,97.46163394267658,348.3333333333333,71.66666666666667,63.333333333333336,370.08748165707186,84.46391767690342,129.81815,71.66666666666667
2016-05-22 22:00:00,78.33333333333333,97.46163394267658,348.3333333333333,60.0,58.333333333333336,370.18681566768254,68.43424199320123,82.80274,60.0
2016-05-22 23:00:00,60.0,97.46163394267658,348.3333333333333,56.666666666666664,53.333333333333336,370.2861496782932,60.05631395415959,94.68159,56.666666666666664
2016-05-23 00:00:00,58.333333333333336,97.46163394267658,348.3333333333333,55.0,55.0,370.38548368890395,56.763231621376065,74.57539,55.0
2016-05-23 01:00:00,51.666666666666664,97.46163394267658,348.3333333333333,53.333333333333336,58.333333333333336,370.4848176995146,56.950435314002334,69.87303,53.333333333333336
2016-05-23 02:00:00,58.333333333333336,97.46163394267658,348.3333333333333,58.333333333333336,55.0,370.5841517101253,56.69158535953132,66.391426,58.333333333333336
2016-05-23 03:00:00,51.666666666666664,97.46163394267658,348.3333333333333,58.333333333333336,53.333333333333336,370.683485720736,56.276262696571536,69.23783,58.333333333333336
2016-05-23 04:00:00,50.0,97.46163394267658,348.3333333333333,50.0,56.666666666666664,370.78281973134665,56.30570677610055,63.733665,50.0
2016-05-23 05:00:00,66.66666666666667,97.46163394267658,348.3333333333333,58.333333333333336,65.0,370.8821537419573,65.36402677367623,85.11128,58.333333333333336
2016-05-23 06:00:00,60.0,97.46163394267658,348.3333333333333,146.66666666666666,55.0,370.981487752568,74.8377996753226,87.30761,146.66666666666666
2016-05-23 07:00:00,56.666666666666664,97.46163394267658,348.3333333333333,176.66666666666666,56.666666666666664,371.0808217631787,101.67274279402373,94.268845,176.66666666666666
2016-05-23 08:00:00,51.666666666666664,97.46163394267658,348.3333333333333,338.3333333333333,61.666666666666664,371.18015577378935,117.76939841106231,93.53884,338.3333333333333
2016-05-23 09:00:00,55.0,97.46163394267658,348.3333333333333,93.33333333333333,66.66666666666667,371.2794897844,109.34012752505934,92.66275,93.33333333333333
2016-05-23 10:00:00,51.666666666666664,97.46163394267658,348.3333333333333,73.33333333333333,55.0,371.3788237950107,118.71706423987567,85.38935,73.33333333333333
2016-05-23 11:00:00,56.666666666666664,97.46163394267658,348.3333333333333,355.0,61.666666666666664,371.4781578056214,125.98555038435346,98.575455,355.0
2016-05-23 12:00:00,61.666666666666664,97.46163394267658,348.3333333333333,301.6666666666667,135.0,371.57749181623205,121.14628436689989,79.17177,301.6666666666667
2016-05-23 13:00:00,56.666666666666664,97.46163394267658,348.3333333333333,268.3333333333333,173.33333333333334,371.67682582684273,116.5420057244044,90.00326,268.3333333333333
2016-05-23 14:00:00,58.333333333333336,97.46163394267658,348.3333333333333,318.3333333333333,88.33333333333333,371.7761598374534,115.27853055946699,68.358315,318.3333333333333
2016-05-23 15:00:00,73.33333333333333,97.46163394267658,348.3333333333333,201.66666666666666,70.0,371.8754938480641,111.58267654211157,62.727383,201.66666666666666
2016-05-23 16:00:00,156.66666666666666,97.46163394267658,348.3333333333333,351.6666666666667,78.33333333333333,371.97482785867476,141.46736838558218,84.1154,351.6666666666667
2016-05-23 17:00:00,380.0,97.46163394267658,348.3333333333333,231.66666666666666,268.3333333333333,372.07416186928543,197.38028510102617,193.18883,231.66666666666666
2016-05-23 18:00:00,123.33333333333333,97.46163394267658,348.3333333333333,348.3333333333333,120.0,372.1734958798961,192.23791976894836,287.54807,348.3333333333333
2016-05-23 19:00:00,120.0,97.46163394267658,348.3333333333333,123.33333333333333,110.0,372.2728298905068,137.00653032592788,140.16246,123.33333333333333
2016-05-23 20:00:00,105.0,97.46163394267658,348.3333333333333,100.0,95.0,372.37216390111746,121.39834107924594,155.66698,100.0
2016-05-23 21:00:00,68.33333333333333,97.46163394267658,348.3333333333333,71.66666666666667,71.66666666666667,372.4714979117282,84.4943644079535,102.031425,71.66666666666667
2016-05-23 22:00:00,63.333333333333336,97.46163394267658,348.3333333333333,60.0,71.66666666666667,372.57083192233887,67.09899056284254,75.35509,60.0
2016-05-23 23:00:00,58.333333333333336,97.46163394267658,348.3333333333333,56.666666666666664,60.0,372.67016593294954,59.7000660495048,86.20982,56.666666666666664
2016-05-24 00:00:00,50.0,97.46163394267658,348.3333333333333,55.0,51.666666666666664,372.7694999435602,57.94060666141844,55.11707,55.0
2016-05-24 01:00:00,56.666666666666664,97.46163394267658,348.3333333333333,53.333333333333336,55.0,372.8688339541709,58.61553096417566,58.041794,53.333333333333336
2016-05-24 02:00:00,55.0,97.46163394267658,348.3333333333333,58.333333333333336,56.666666666666664,372.96816796478157,58.99371746053531,57.094517,58.333333333333336
2016-05-24 03:00:00,53.333333333333336,97.46163394267658,348.3333333333333,58.333333333333336,56.666666666666664,373.06750197539225,57.665697504607095,55.403942,58.333333333333336
2016-05-24 04:00:00,53.333333333333336,97.46163394267658,348.3333333333333,50.0,50.0,373.1668359860029,57.030503103651554,57.426346,50.0
2016-05-24 05:00:00,106.66666666666667,97.46163394267658,348.3333333333333,58.333333333333336,71.66666666666667,373.2661699966136,65.33193027788629,59.501846,58.333333333333336
2016-05-24 06:00:00,71.66666666666667,97.46163394267658,348.3333333333333,146.66666666666666,63.333333333333336,373.3655040072243,75.91052220036956,105.8407,146.66666666666666
2016-05-24 07:00:00,161.66666666666666,97.46163394267658,348.3333333333333,176.66666666666666,60.0,373.46483801783495,104.62865058622933,143.6297,176.66666666666666
2016-05-24 08:00:00,56.666666666666664,97.46163394267658,348.3333333333333,338.3333333333333,56.666666666666664,373.5641720284456,120.53330802865875,106.16804,338.3333333333333
2016-05-24 09:00:00,38.333333333333336,97.46163394267658,348.3333333333333,93.33333333333333,55.0,373.6635060390563,110.76451996192411,80.04916,93.33333333333333
2016-05-24 10:00:00,66.66666666666667,97.46163394267658,348.3333333333333,73.33333333333333,53.333333333333336,373.762840049667,119.25531028111936,48.711197,73.33333333333333
2016-05-24 11:00:00,101.66666666666667,97.46163394267658,348.3333333333333,355.0,56.666666666666664,373.86217406027765,124.68805841166859,79.08078,355.0
2016-05-24 12:00:00,128.33333333333334,97.46163394267658,348.3333333333333,301.6666666666667,58.333333333333336,373.9615080708883,118.4081456010601,106.15278,301.6666666666667
2016-05-24 13:00:00,118.33333333333333,97.46163394267658,348.3333333333333,268.3333333333333,53.333333333333336,374.060842081499,115.30926018107903,83.651505,268.3333333333333
2016-05-24 14:00:00,150.0,97.46163394267658,348.3333333333333,318.3333333333333,53.333333333333336,374.1601760921097,114.06381861747421,109.543686,318.3333333333333
2016-05-24 15:00:00,141.66666666666666,97.46163394267658,348.3333333333333,201.66666666666666,56.666666666666664,374.25951010272036,108.0659405978063,135.87878,201.66666666666666
2016-05-24 16:00:00,141.66666666666666,97.46163394267658,348.3333333333333,351.6666666666667,63.333333333333336,374.35884411333103,137.0651832696724,189.50693,351.6666666666667
2016-05-24 17:00:00,203.33333333333334,97.46163394267658,348.3333333333333,231.66666666666666,126.66666666666667,374.4581781239417,192.8933332948917,223.71448,231.66666666666666
2016-05-24 18:00:00,136.66666666666666,97.46163394267658,348.3333333333333,348.3333333333333,101.66666666666667,374.55751213455244,188.98355432597072,180.05467,348.3333333333333
2016-05-24 19:00:00,123.33333333333333,97.46163394267658,348.3333333333333,123.33333333333333,105.0,374.6568461451631,136.0112410040531,140.44005,123.33333333333333
2016-05-24 20:00:00,96.66666666666667,97.46163394267658,348.3333333333333,100.0,95.0,374.7561801557738,119.94416182038472,132.19798,100.0
2016-05-24 21:00:00,76.66666666666667,97.46163394267658,348.3333333333333,71.66666666666667,68.33333333333333,374.85551416638447,83.17990089070761,77.29353,71.66666666666667
2016-05-24 22:00:00,61.666666666666664,97.46163394267658,348.3333333333333,60.0,58.333333333333336,374.95484817699514,67.66002579408139,69.85409,60.0
2016-05-24 23:00:00,58.333333333333336,97.46163394267658,348.3333333333333,56.666666666666664,56.666666666666664,375.0541821876058,58.37834553407539,62.78714,56.666666666666664
2016-05-25 00:00:00,53.333333333333336,97.46163394267658,348.3333333333333,55.0,51.666666666666664,375.1535161982165,54.53958225381132,58.37108,55.0
2016-05-25 01:00:00,53.333333333333336,97.46163394267658,348.3333333333333,53.333333333333336,56.666666666666664,375.25285020882717,54.2522326468206,56.242146,53.333333333333336
2016-05-25 02:00:00,56.666666666666664,97.46163394267658,348.3333333333333,58.333333333333336,56.666666666666664,375.35218421943785,53.41007391299763,54.584404,58.333333333333336
2016-05-25 03:00:00,48.333333333333336,97.46163394267658,348.3333333333333,58.333333333333336,53.333333333333336,375.4515182300485,52.64419283124374,57.570026,58.333333333333336
2016-05-25 04:00:00,55.0,97.46163394267658,348.3333333333333,50.0,51.666666666666664,375.5508522406592,52.633924268464156,60.74603,50.0
2016-05-25 05:00:00,55.0,97.46163394267658,348.3333333333333,58.333333333333336,68.33333333333333,375.6501862512699,61.54916984035859,90.26943,58.333333333333336
2016-05-25 06:00:00,55.0,97.46163394267658,348.3333333333333,146.66666666666666,110.0,375.74952026188055,71.50137791249746,58.84884,146.66666666666666
2016-05-25 07:00:00,65.0,97.46163394267658,348.3333333333333,176.66666666666666,76.66666666666667,375.8488542724912,100.08082716272261,83.00792,176.66666666666666
2016-05-25 08:00:00,83.33333333333333,97.46163394267658,348.3333333333333,338.3333333333333,161.66666666666666,375.9481882831019,117.04692063587264,92.15618,338.3333333333333
2016-05-25 09:00:00,90.0,97.46163394267658,348.3333333333333,93.33333333333333,65.0,376.0475222937126,107.79191004067852,121.27301,93.33333333333333
2016-05-25 10:00:00,78.33333333333333,97.46163394267658,348.3333333333333,73.33333333333333,63.333333333333336,376.14685630432325,115.39988740711114,112.67823,73.33333333333333
2016-05-25 11:00:00,50.0,97.46163394267658,348.3333333333333,355.0,55.0,376.2461903149339,120.35825057928172,108.61601,355.0
2016-05-25 12:00:00,60.0,97.46163394267658,348.3333333333333,301.6666666666667,56.666666666666664,376.3455243255446,114.93426400480581,77.613556,301.6666666666667
2016-05-25 13:00:00,71.66666666666667,97.46163394267658,348.3333333333333,268.3333333333333,73.33333333333333,376.4448583361553,110.08456892229337,88.47734,268.3333333333333
2016-05-25 14:00:00,80.0,97.46163394267658,348.3333333333333,318.3333333333333,80.0,376.54419234676595,107.46111149642331,104.62638,318.3333333333333
2016-05-25 15:00:00,80.0,97.46163394267658,348.3333333333333,201.66666666666666,76.66666666666667,376.6435263573767,102.73518438747296,100.3183,201.66666666666666
2016-05-25 16:00:00,231.66666666666666,97.46163394267658,348.3333333333333,351.6666666666667,75.0,376.74286036798736,129.95801395482394,99.80361,351.6666666666667
2016-05-25 17:00:00,118.33333333333333,97.46163394267658,348.3333333333333,231.66666666666666,91.66666666666667,376.84219437859804,184.7830199994119,157.76886,231.66666666666666
2016-05-25 18:00:00,156.66666666666666,97.46163394267658,348.3333333333333,348.3333333333333,101.66666666666667,376.9415283892087,181.8079395184156,145.54936,348.3333333333333
2016-05-25 19:00:00,118.33333333333333,97.46163394267658,348.3333333333333,123.33333333333333,95.0,377.0408623998194,126.87931394217439,103.30418,123.33333333333333
2016-05-25 20:00:00,190.0,97.46163394267658,348.3333333333333,100.0,85.0,377.14019641043006,113.47137626393345,120.23031,100.0
2016-05-25 21:00:00,56.666666666666664,97.46163394267658,348.3333333333333,71.66666666666667,61.666666666666664,377.23953042104074,80.41038624236796,78.85701,71.66666666666667
2016-05-25 22:00:00,53.333333333333336,97.46163394267658,348.3333333333333,60.0,55.0,377.3388644316514,66.24882466031289,54.56789,60.0
2016-05-25 23:00:00,53.333333333333336,97.46163394267658,348.3333333333333,56.666666666666664,56.666666666666664,377.4381984422621,59.354769634477776,47.616234,56.666666666666664
2016-05-26 00:00:00,53.333333333333336,97.46163394267658,348.3333333333333,55.0,56.666666666666664,377.53753245287277,55.663282580710344,50.842754,55.0
2016-05-26 01:00:00,55.0,97.46163394267658,348.3333333333333,53.333333333333336,56.666666666666664,377.63686646348344,55.228155221743734,52.693012,53.333333333333336
2016-05-26 02:00:00,50.0,97.46163394267658,348.3333333333333,58.333333333333336,56.666666666666664,377.7362004740941,54.115571123065564,50.508965,58.333333333333336
2016-05-26 03:00:00,56.666666666666664,97.46163394267658,348.3333333333333,58.333333333333336,50.0,377.8355344847048,53.12513748702567,52.419914,58.333333333333336
2016-05-26 04:00:00,50.0,97.46163394267658,348.3333333333333,50.0,56.666666666666664,377.93486849531547,52.99443639529994,54.16539,50.0
2016-05-26 05:00:00,56.666666666666664,97.46163394267658,348.3333333333333,58.333333333333336,61.666666666666664,378.03420250592615,61.69096800125003,70.442474,58.333333333333336
2016-05-26 06:00:00,61.666666666666664,97.46163394267658,348.3333333333333,146.66666666666666,48.333333333333336,378.1335365165368,72.23807525514194,72.03032,146.66666666666666
2016-05-26 07:00:00,100.0,97.46163394267658,348.3333333333333,176.66666666666666,58.333333333333336,378.2328705271475,100.11143350267012,87.78156,176.66666666666666
2016-05-26 08:00:00,156.66666666666666,97.46163394267658,348.3333333333333,338.3333333333333,51.666666666666664,378.3322045377582,116.36067022586262,102.28714,338.3333333333333
2016-05-26 09:00:00,276.6666666666667,97.46163394267658,348.3333333333333,93.33333333333333,48.333333333333336,378.43153854836885,107.6088361516965,118.97726,93.33333333333333
2016-05-26 10:00:00,265.0,97.46163394267658,348.3333333333333,73.33333333333333,58.333333333333336,378.5308725589795,116.725042678193,176.29298,73.33333333333333
2016-05-26 11:00:00,243.33333333333334,97.46163394267658,348.3333333333333,355.0,50.0,378.6302065695902,121.83612545319889,165.05893,355.0
2016-05-26 12:00:00,221.66666666666666,97.46163394267658,348.3333333333333,301.6666666666667,55.0,378.72954058020093,113.34697803097089,157.4548,301.6666666666667
2016-05-26 13:00:00,75.0,97.46163394267658,348.3333333333333,268.3333333333333,56.666666666666664,378.8288745908116,105.29834781766958,118.48793,268.3333333333333
2016-05-26 14:00:00,68.33333333333333,97.46163394267658,348.3333333333333,318.3333333333333,56.666666666666664,378.9282086014223,102.92316761938845,123.079475,318.3333333333333
2016-05-26 15:00:00,61.666666666666664,97.46163394267658,348.3333333333333,201.66666666666666,68.33333333333333,379.02754261203296,97.88365334646114,89.427246,201.66666666666666
2016-05-26 16:00:00,495.0,97.46163394267658,348.3333333333333,351.6666666666667,118.33333333333333,379.12687662264364,124.02811636905906,101.06293,351.6666666666667
2016-05-26 17:00:00,440.0,97.46163394267658,348.3333333333333,231.66666666666666,208.33333333333334,379.2262106332543,178.7576602046705,224.06041,231.66666666666666
2016-05-26 18:00:00,215.0,97.46163394267658,348.3333333333333,348.3333333333333,105.0,379.325544643865,176.4714520419895,279.22833,348.3333333333333
2016-05-26 19:00:00,223.33333333333334,97.46163394267658,348.3333333333333,123.33333333333333,123.33333333333333,379.42487865447566,125.64748585307882,182.33232,123.33333333333333
2016-05-26 20:00:00,91.66666666666667,97.46163394267658,348.3333333333333,100.0,100.0,379.52421266508634,113.44919430442161,204.7303,100.0
2016-05-26 21:00:00,76.66666666666667,97.46163394267658,348.3333333333333,71.66666666666667,71.66666666666667,379.623546675697,81.13637445856929,78.216896,71.66666666666667
2016-05-26 22:00:00,70.0,97.46163394267658,348.3333333333333,60.0,60.0,379.7228806863077,67.86346702214594,73.76969,60.0
2016-05-26 23:00:00,65.0,97.46163394267658,348.3333333333333,56.666666666666664,56.666666666666664,379.82221469691837,60.716980993492854,72.59363,56.666666666666664
2016-05-27 00:00:00,60.0,97.46163394267658,348.3333333333333,55.0,55.0,379.92154870752904,57.4491781995481,59.87819,55.0
2016-05-27 01:00:00,58.333333333333336,97.46163394267658,348.3333333333333,53.333333333333336,53.333333333333336,380.0208827181397,57.35686038345766,53.712185,53.333333333333336
2016-05-27 02:00:00,50.0,97.46163394267658,348.3333333333333,58.333333333333336,58.333333333333336,380.1202167287504,56.84918223377677,52.480515,58.333333333333336
2016-05-27 03:00:00,58.333333333333336,97.46163394267658,348.3333333333333,58.333333333333336,58.333333333333336,380.21955073936107,56.690709029713446,53.207428,58.333333333333336
2016-05-27 04:00:00,58.333333333333336,97.46163394267658,348.3333333333333,50.0,50.0,380.31888474997174,57.70265273239413,54.813602,50.0
2016-05-27 05:00:00,58.333333333333336,97.46163394267658,348.3333333333333,58.333333333333336,58.333333333333336,380.4182187605824,65.60100095853295,55.405785,58.333333333333336
2016-05-27 06:00:00,63.333333333333336,97.46163394267658,348.3333333333333,146.66666666666666,146.66666666666666,380.5175527711931,75.43983908957115,59.197212,146.66666666666666
2016-05-27 07:00:00,111.66666666666667,97.46163394267658,348.3333333333333,176.66666666666666,176.66666666666666,380.61688678180377,102.94994133651205,80.57288,176.66666666666666
2016-05-27 08:00:00,130.0,97.46163394267658,348.3333333333333,338.3333333333333,338.3333333333333,380.71622079241445,119.83835455670804,144.33807,338.3333333333333
2016-05-27 09:00:00,251.66666666666666,97.46163394267658,348.3333333333333,93.33333333333333,93.33333333333333,380.8155548030252,110.2733974334212,125.77645,93.33333333333333
2016-05-27 10:00:00,251.66666666666666,97.46163394267658,348.3333333333333,73.33333333333333,73.33333333333333,380.9148888136358,117.80641979023717,138.06935,73.33333333333333
2016-05-27 11:00:00,310.0,97.46163394267658,348.3333333333333,355.0,355.0,381.01422282424653,123.38146747879179,171.34637,355.0
2016-05-27 12:00:00,185.0,97.46163394267658,348.3333333333333,301.6666666666667,301.6666666666667,381.1135568348572,116.0222684870222,154.52588,301.6666666666667
2016-05-27 13:00:00,265.0,97.46163394267658,348.3333333333333,268.3333333333333,268.3333333333333,381.2128908454679,111.0214210105952,179.23264,268.3333333333333
2016-05-27 14:00:00,101.66666666666667,97.46163394267658,348.3333333333333,318.3333333333333,318.3333333333333,381.31222485607856,109.08981897425491,165.93723,318.3333333333333
2016-05-27 15:00:00,76.66666666666667,97.46163394267658,348.3333333333333,201.66666666666666,201.66666666666666,381.41155886668923,103.17374019865947,147.32355,201.66666666666666
2016-05-27 16:00:00,135.0,97.46163394267658,348.3333333333333,351.6666666666667,351.6666666666667,381.5108928772999,131.9111418863817,132.39384,351.6666666666667
2016-05-27 17:00:00,180.0,97.46163394267658,348.3333333333333,231.66666666666666,231.66666666666666,381.6102268879106,188.81466534266758,155.17458,231.66666666666666
2016-05-27 18:00:00,430.0,97.46163394267658,348.3333333333333,348.3333333333333,348.3333333333333,381.70956089852126,185.08746302161887,198.58142,348.3333333333333
